date,channel,spend,clicks,emails_sent,impressions,revenue,conversions
2024-08-01,Email,59.97,110.0,1999.0,0.0,978.96,9
2024-08-01,PPC,250.82,125.0,0.0,0.0,1045.63,11
2024-08-01,Social Media,172.82,228.0,0.0,16755.0,268.02,4
2024-08-02,Email,55.35,90.99958338541356,1845.0,0.0,879.14,8
2024-08-02,PPC,366.19,183.0,0.0,0.0,2124.4,24
2024-08-02,Social Media,112.54,133.0,0.0,11082.0,328.15999999999997,2
2024-08-03,Email,64.14,115.99666833293657,2138.0,0.0,927.63,8
2024-08-03,PPC,226.53,113.0,0.0,0.0,583.75,8
2024-08-03,Social Media,142.8,175.0,0.0,15450.0,445.59000000000003,5
2024-08-04,Email,71.22,123.98876264947198,2374.0,0.0,1618.4,12
2024-08-04,PPC,366.72,183.0,0.0,0.0,2400.89,23
2024-08-04,Social Media,171.98,268.0,0.0,18373.0,474.15,6
2024-08-05,Email,53.519999999999996,108.97338661590122,1784.0,0.0,1276.53,10
2024-08-05,PPC,280.78,140.0,0.0,0.0,1079.28,13
2024-08-05,Social Media,119.25,198.0,0.0,10092.0,514.17,5
2024-08-06,Email,49.589999999999996,98.94807918509046,1653.0,0.0,971.13,9
2024-08-06,PPC,339.69,170.0,0.0,0.0,1114.86,12
2024-08-06,Social Media,122.17,182.0,0.0,14023.0,274.47,4
2024-08-07,Email,74.1,109.9104041332268,2470.0,0.0,944.25,10
2024-08-07,PPC,339.71,170.0,0.0,0.0,2143.45,21
2024-08-07,Social Media,148.98,154.0,0.0,13787.0,237.53,3
2024-08-08,Email,62.82,113.85795614910904,2094.0,0.0,1103.27,9
2024-08-08,PPC,349.54,175.0,0.0,0.0,1511.4199999999998,16
2024-08-08,Social Media,159.66,270.0,0.0,17300.0,576.53,8
2024-08-09,Email,85.02,131.788366846173,2834.0,0.0,1305.68,9
2024-08-09,PPC,310.58,155.0,0.0,0.0,1439.89,13
2024-08-09,Social Media,120.61,170.0,0.0,13888.0,338.3,4
2024-08-10,Email,58.71,105.6993106822246,1957.0,0.0,874.84,7
2024-08-10,PPC,241.14,121.0,0.0,0.0,782.95,9
2024-08-10,Social Media,165.87,349.0,0.0,18416.0,405.46000000000004,8
2024-08-11,Email,74.85,140.58851077208405,2495.0,0.0,1525.46,11
2024-08-11,PPC,302.38,151.0,0.0,0.0,1205.96,10
2024-08-11,Social Media,140.24,224.0,0.0,11315.0,479.08,5
2024-08-12,Email,74.1,120.45374457861318,2470.0,0.0,1348.07,10
2024-08-12,PPC,370.19,185.0,0.0,0.0,1474.3600000000001,16
2024-08-12,Social Media,131.87,140.0,0.0,13790.0,309.15,4
2024-08-13,Email,71.1,152.2928494679007,2370.0,0.0,1501.08,13
2024-08-13,PPC,377.66,189.0,0.0,0.0,1556.98,15
2024-08-13,Social Media,168.24,176.0,0.0,15443.0,238.39000000000001,3
2024-08-14,Email,79.17,140.10372811472078,2639.0,0.0,1679.65,10
2024-08-14,PPC,310.45,155.0,0.0,0.0,1502.92,18
2024-08-14,Social Media,116.88,181.0,0.0,13862.0,391.34,4
2024-08-15,Email,90.92999999999999,157.8843537447538,3031.0,0.0,1837.66,11
2024-08-15,PPC,353.57,177.0,0.0,0.0,1222.03,15
2024-08-15,Social Media,158.54,257.0,0.0,18491.0,544.95,7
2024-08-16,Email,93.6,145.63277520046668,3120.0,0.0,1783.2,11
2024-08-16,PPC,277.89,139.0,0.0,0.0,791.43,11
2024-08-16,Social Media,115.62,190.0,0.0,11760.0,425.95000000000005,5
2024-08-17,Email,75.99,135.34712181799046,2533.0,0.0,1482.4,12
2024-08-17,PPC,334.79,167.0,0.0,0.0,1458.03,15
2024-08-17,Social Media,177.42,229.0,0.0,19294.0,556.8199999999999,6
2024-08-18,Email,111.11999999999999,152.02560810280585,3704.0,0.0,1606.94,13
2024-08-18,PPC,319.01,160.0,0.0,0.0,2180.36,23
2024-08-18,Social Media,144.88,163.0,0.0,15660.0,241.03000000000003,4
2024-08-19,Email,65.97,108.66653819254968,2199.0,0.0,1447.28,10
2024-08-19,PPC,394.7,197.0,0.0,0.0,2601.48,22
2024-08-19,Social Media,165.51,302.0,0.0,14833.0,512.4,7
2024-08-20,Email,75.75,120.26831009578748,2525.0,0.0,1775.75,11
2024-08-20,PPC,311.18,156.0,0.0,0.0,2023.35,16
2024-08-20,Social Media,135.85,208.0,0.0,13378.0,260.32,5
2024-08-21,Email,57.21,121.82941969615791,1907.0,0.0,1450.07,9
2024-08-21,PPC,272.82,136.0,0.0,0.0,1113.8,14
2024-08-21,Social Media,166.44,238.0,0.0,18825.0,379.97,5
2024-08-22,Email,94.77,139.34846451188034,3159.0,0.0,1877.05,12
2024-08-22,PPC,264.52,132.0,0.0,0.0,1492.25,15
2024-08-22,Social Media,151.99,219.0,0.0,14629.0,440.28999999999996,5
2024-08-23,Email,83.58,151.8241472012287,2786.0,0.0,1669.01,12
2024-08-23,PPC,362.35,181.0,0.0,0.0,2458.06,20
2024-08-23,Social Media,156.08,186.0,0.0,14929.0,204.71,4
2024-08-24,Email,58.8,110.25527880521042,1960.0,0.0,1342.8,9
2024-08-24,PPC,259.28,130.0,0.0,0.0,957.98,11
2024-08-24,Social Media,123.1,162.0,0.0,14221.0,480.83,4
2024-08-25,Email,89.52,122.64078171934452,2984.0,0.0,1211.5,9
2024-08-25,PPC,344.95,172.0,0.0,0.0,1631.96,17
2024-08-25,Social Media,168.82,169.0,0.0,14428.0,356.96,4
2024-08-26,Email,84.66,155.97969238711173,2822.0,0.0,2195.13,15
2024-08-26,PPC,315.37,158.0,0.0,0.0,1240.95,11
2024-08-26,Social Media,195.77,302.0,0.0,16483.0,374.33,8
2024-08-27,Email,73.59,150.27116370834386,2453.0,0.0,1336.76,11
2024-08-27,PPC,289.19,145.0,0.0,0.0,1605.49,19
2024-08-27,Social Media,170.12,201.0,0.0,18654.0,435.21000000000004,4
2024-08-28,Email,56.82,106.5144671565332,1894.0,0.0,1379.83,10
2024-08-28,PPC,326.67,163.0,0.0,0.0,1705.38,15
2024-08-28,Social Media,130.23,151.0,0.0,14740.0,89.59,3
2024-08-29,Email,91.5,143.7089945997692,3050.0,0.0,1449.52,13
2024-08-29,PPC,329.7,165.0,0.0,0.0,2126.81,19
2024-08-29,Social Media,196.42,411.0,0.0,21062.0,854.17,11
2024-08-30,Email,124.11,168.85425982075176,4137.0,0.0,1566.2,14
2024-08-30,PPC,343.02,172.0,0.0,0.0,1931.2,18
2024-08-30,Social Media,153.23,252.0,0.0,15138.0,339.76,5
2024-08-31,Email,71.46,149.9498997320811,2382.0,0.0,1376.81,12
2024-08-31,PPC,285.59,143.0,0.0,0.0,1555.91,14
2024-08-31,Social Media,130.7,228.0,0.0,15166.0,364.29,5
2024-09-01,Email,95.31,127.99567528378714,3177.0,0.0,1235.26,10
2024-09-01,PPC,405.59,203.0,0.0,0.0,1882.2,21
2024-09-01,Social Media,197.23,410.0,0.0,22529.0,590.52,8
2024-09-02,Email,112.83,150.9914720608301,3761.0,0.0,1714.88,14
2024-09-02,PPC,400.42,200.0,0.0,0.0,2308.48,18
2024-09-02,Social Media,195.99,210.0,0.0,15899.0,443.0,5
2024-09-03,Email,70.83,144.9373005690784,2361.0,0.0,1456.62,12
2024-09-03,PPC,398.83,199.0,0.0,0.0,1790.31,21
2024-09-03,Social Media,192.01,300.0,0.0,22354.0,516.88,7
2024-09-04,Email,53.07,111.83329620904937,1769.0,0.0,1698.77,10
2024-09-04,PPC,351.46,176.0,0.0,0.0,1412.48,17
2024-09-04,Social Media,136.91,156.0,0.0,11788.0,218.67000000000002,4
2024-09-05,Email,56.85,101.67971893747874,1895.0,0.0,1155.67,9
2024-09-05,PPC,279.12,140.0,0.0,0.0,1778.45,17
2024-09-05,Social Media,190.32,310.0,0.0,22094.0,358.17,6
2024-09-06,Email,84.57,155.4769526175639,2819.0,0.0,2085.5,15
2024-09-06,PPC,398.83,199.0,0.0,0.0,1790.0,20
2024-09-06,Social Media,185.25,255.0,0.0,18873.0,338.13,7
2024-09-07,Email,70.83,138.225504059506,2361.0,0.0,1468.79,13
2024-09-07,PPC,300.86,150.0,0.0,0.0,2141.99,20
2024-09-07,Social Media,148.91,279.0,0.0,17697.0,485.39,7
2024-09-08,Email,62.699999999999996,126.9260017537483,2090.0,0.0,1050.6299999999999,8
2024-09-08,PPC,376.31,188.0,0.0,0.0,2248.03,22
2024-09-08,Social Media,196.03,264.0,0.0,20882.0,351.71000000000004,5
2024-09-09,Email,87.06,123.5791943000774,2902.0,0.0,1147.93,8
2024-09-09,PPC,298.5,149.0,0.0,0.0,1764.4299999999998,17
2024-09-09,Social Media,149.99,241.0,0.0,15760.0,348.11,5
2024-09-10,Email,80.78999999999999,119.18594853651364,2693.0,0.0,1445.31,9
2024-09-10,PPC,273.17,137.0,0.0,0.0,1127.71,10
2024-09-10,Social Media,131.95,224.0,0.0,13060.0,511.9,6
2024-09-11,Email,89.58,137.74724737266752,2986.0,0.0,1495.49,13
2024-09-11,PPC,272.15,136.0,0.0,0.0,1294.72,13
2024-09-11,Social Media,138.49,211.0,0.0,15419.0,293.93,5
2024-09-12,Email,99.09,164.26418733297749,3303.0,0.0,1241.58,11
2024-09-12,PPC,346.47,173.0,0.0,0.0,1409.22,13
2024-09-12,Social Media,144.93,200.0,0.0,13202.0,341.23,5
2024-09-13,Email,64.25999999999999,103.73797581596996,2142.0,0.0,1300.47,9
2024-09-13,PPC,379.29,190.0,0.0,0.0,1719.45,22
2024-09-13,Social Media,147.01,126.0,0.0,14259.0,413.48,3
2024-09-14,Email,77.46,145.1699280763918,2582.0,0.0,1353.68,10
2024-09-14,PPC,319.26,160.0,0.0,0.0,1522.85,16
2024-09-14,Social Media,178.17,250.0,0.0,14838.0,387.99,5
2024-09-15,Email,93.14999999999999,126.56146393775842,3105.0,0.0,1176.0900000000001,10
2024-09-15,PPC,315.58,158.0,0.0,0.0,1985.94,19
2024-09-15,Social Media,192.55,341.0,0.0,16165.0,703.43,8
2024-09-16,Email,75.69,153.9141042435344,2523.0,0.0,1684.24,14
2024-09-16,PPC,282.87,141.0,0.0,0.0,1448.3799999999999,14
2024-09-16,Social Media,130.93,302.0,0.0,12251.0,681.7099999999999,6
2024-09-17,Email,51.39,104.22946705581688,1713.0,0.0,1076.8,8
2024-09-17,PPC,297.77,149.0,0.0,0.0,1404.16,13
2024-09-17,Social Media,193.85,368.0,0.0,16282.0,709.13,8
2024-09-18,Email,70.95,143.50926361102302,2365.0,0.0,1145.53,10
2024-09-18,PPC,354.54,177.0,0.0,0.0,1324.01,13
2024-09-18,Social Media,134.95,222.0,0.0,11152.0,217.26,4
2024-09-19,Email,61.05,114.75529404269008,2035.0,0.0,960.19,8
2024-09-19,PPC,369.13,185.0,0.0,0.0,2101.64,21
2024-09-19,Social Media,165.8,303.0,0.0,19220.0,781.96,7
2024-09-20,Email,76.14,142.96944288207914,2538.0,0.0,1293.93,10
2024-09-20,PPC,367.62,184.0,0.0,0.0,1626.73,15
2024-09-20,Social Media,156.11,217.0,0.0,14425.0,365.03,5
2024-09-21,Email,75.06,108.15367434782834,2502.0,0.0,1083.89,8
2024-09-21,PPC,392.37,196.0,0.0,0.0,2225.3,21
2024-09-21,Social Media,189.16,281.0,0.0,19094.0,503.38,7
2024-09-22,Email,48.18,95.31002743642928,1606.0,0.0,695.31,7
2024-09-22,PPC,354.99,177.0,0.0,0.0,1883.49,22
2024-09-22,Social Media,199.01,405.0,0.0,22403.0,1033.79,9
2024-09-23,Email,92.00999999999999,140.44061082579765,3067.0,0.0,1419.11,10
2024-09-23,PPC,342.95,171.0,0.0,0.0,1314.1,16
2024-09-23,Social Media,140.02,283.0,0.0,14831.0,493.56,7
2024-09-24,Email,72.39,131.54759760467658,2413.0,0.0,1439.01,13
2024-09-24,PPC,375.38,188.0,0.0,0.0,1969.02,19
2024-09-24,Social Media,173.86,248.0,0.0,16669.0,384.9,5
2024-09-25,Email,101.22,154.63321984104664,3374.0,0.0,1645.71,11
2024-09-25,PPC,277.57,139.0,0.0,0.0,1430.1399999999999,15
2024-09-25,Social Media,192.32,257.0,0.0,21176.0,406.76,6
2024-09-26,Email,71.97,105.69976300311812,2399.0,0.0,1146.82,9
2024-09-26,PPC,340.19,170.0,0.0,0.0,2273.39,22
2024-09-26,Social Media,177.74,354.0,0.0,16894.0,586.31,10
2024-09-27,Email,70.95,115.74956024685088,2365.0,0.0,1115.68,10
2024-09-27,PPC,323.22,162.0,0.0,0.0,1489.76,15
2024-09-27,Social Media,164.3,300.0,0.0,18543.0,375.72,8
2024-09-28,Email,56.61,116.78498658427964,1887.0,0.0,1129.78,8
2024-09-28,PPC,306.3,153.0,0.0,0.0,1578.99,15
2024-09-28,Social Media,204.36,253.0,0.0,18281.0,301.4,5
2024-09-29,Email,72.11999999999999,110.80845294722054,2404.0,0.0,887.37,8
2024-09-29,PPC,366.72,183.0,0.0,0.0,1663.3700000000001,16
2024-09-29,Social Media,194.81,326.0,0.0,22183.0,722.93,9
2024-09-30,Email,63.69,117.82240016119736,2123.0,0.0,1501.55,10
2024-09-30,PPC,386.58,193.0,0.0,0.0,2226.3,19
2024-09-30,Social Media,136.66,211.0,0.0,13645.0,540.08,5
2024-10-01,Email,77.85,138.82929284464873,2595.0,0.0,1737.32,13
2024-10-01,PPC,305.3,153.0,0.0,0.0,1487.93,13
2024-10-01,Social Media,193.41,410.0,0.0,20932.0,978.87,11
2024-10-02,Email,103.8,140.8316132486658,3460.0,0.0,1499.77,13
2024-10-02,PPC,400.19,200.0,0.0,0.0,1873.28,16
2024-10-02,Social Media,169.19,292.0,0.0,17576.0,296.37,6
2024-10-03,Email,42.12,90.83185505265703,1404.0,0.0,670.56,6
2024-10-03,PPC,298.31,149.0,0.0,0.0,1303.14,15
2024-10-03,Social Media,179.13,380.0,0.0,17392.0,464.33000000000004,8
2024-10-04,Email,47.4,88.8325171314484,1580.0,0.0,1266.26,6
2024-10-04,PPC,313.07,157.0,0.0,0.0,1475.22,14
2024-10-04,Social Media,193.84,284.0,0.0,18906.0,488.74,7
2024-10-05,Email,73.02,125.83609730939784,2434.0,0.0,1087.79,9
2024-10-05,PPC,365.65,183.0,0.0,0.0,1538.6100000000001,14
2024-10-05,Social Media,149.29,192.0,0.0,12976.0,384.98,4
2024-10-06,Email,87.36,130.84508611713505,2912.0,0.0,1844.84,13
2024-10-06,PPC,294.57,147.0,0.0,0.0,1227.19,13
2024-10-06,Social Media,132.95,275.0,0.0,11551.0,405.46,5
2024-10-07,Email,61.8,89.861960566532,2060.0,0.0,1208.99,8
2024-10-07,PPC,351.96,176.0,0.0,0.0,2129.55,20
2024-10-07,Social Media,134.59,211.0,0.0,15010.0,330.82,5
2024-10-08,Email,73.74,107.88917795946338,2458.0,0.0,1380.58,10
2024-10-08,PPC,292.11,146.0,0.0,0.0,1430.28,17
2024-10-08,Social Media,159.17,162.0,0.0,17820.0,216.08,3
2024-10-09,Email,73.89,100.92916974583142,2463.0,0.0,1218.37,9
2024-10-09,PPC,280.67,140.0,0.0,0.0,822.33,10
2024-10-09,Social Media,199.66,233.0,0.0,16042.0,388.5,5
2024-10-10,Email,77.88,109.9843354462076,2596.0,0.0,1356.2,10
2024-10-10,PPC,382.93,191.0,0.0,0.0,1505.97,15
2024-10-10,Social Media,163.16,345.0,0.0,15693.0,666.38,7
2024-10-11,Email,54.87,106.0570366542808,1829.0,0.0,1165.85,9
2024-10-11,PPC,289.74,145.0,0.0,0.0,2105.78,18
2024-10-11,Social Media,195.61,230.0,0.0,20511.0,655.81,6
2024-10-12,Email,66.48,90.14959113410296,2216.0,0.0,777.72,6
2024-10-12,PPC,336.39,168.0,0.0,0.0,1337.0900000000001,13
2024-10-12,Social Media,170.79,261.0,0.0,15084.0,528.31,7
2024-10-13,Email,56.76,115.26426702688602,1892.0,0.0,1216.8600000000001,8
2024-10-13,PPC,325.75,163.0,0.0,0.0,1180.0,13
2024-10-13,Social Media,148.94,198.0,0.0,16933.0,685.4499999999999,5
2024-10-14,Email,64.86,92.40327718183012,2162.0,0.0,976.39,7
2024-10-14,PPC,306.24,153.0,0.0,0.0,943.44,11
2024-10-14,Social Media,152.95,353.0,0.0,15449.0,609.7,7
2024-10-15,Email,57.36,90.56877362515311,1912.0,0.0,814.16,7
2024-10-15,PPC,287.19,144.0,0.0,0.0,1350.33,14
2024-10-15,Social Media,134.14,188.0,0.0,13241.0,409.18,4
2024-10-16,Email,55.169999999999995,108.76284218114564,1839.0,0.0,859.45,7
2024-10-16,PPC,381.32,191.0,0.0,0.0,2268.48,16
2024-10-16,Social Media,190.56,242.0,0.0,18928.0,450.23,4
2024-10-17,Email,47.04,100.98749725869664,1568.0,0.0,1116.85,10
2024-10-17,PPC,294.21,147.0,0.0,0.0,1208.82,14
2024-10-17,Social Media,199.39,251.0,0.0,20517.0,444.61999999999995,7
2024-10-18,Email,50.129999999999995,71.24467681632052,1671.0,0.0,903.8299999999999,6
2024-10-18,PPC,373.45,187.0,0.0,0.0,1371.02,14
2024-10-18,Social Media,133.46,207.0,0.0,11026.0,331.8,5
2024-10-19,Email,62.22,83.53623751826976,2074.0,0.0,967.52,8
2024-10-19,PPC,252.34,126.0,0.0,0.0,859.19,12
2024-10-19,Social Media,182.69,273.0,0.0,18047.0,394.95,5
2024-10-20,Email,55.44,77.86395009384144,1848.0,0.0,827.25,7
2024-10-20,PPC,243.88,122.0,0.0,0.0,1286.1100000000001,13
2024-10-20,Social Media,209.3,304.0,0.0,17423.0,428.5,6
2024-10-21,Email,90.11999999999999,121.2294949114761,3004.0,0.0,1246.65,9
2024-10-21,PPC,316.89,158.0,0.0,0.0,1701.68,14
2024-10-21,Social Media,158.61,296.0,0.0,16493.0,600.66,7
2024-10-22,Email,84.78,117.6344577787118,2826.0,0.0,1501.83,10
2024-10-22,PPC,287.01,144.0,0.0,0.0,1609.57,15
2024-10-22,Social Media,129.43,194.0,0.0,10528.0,238.17000000000002,5
2024-10-23,Email,34.56,63.08032597849107,1152.0,0.0,716.69,5
2024-10-23,PPC,260.23,130.0,0.0,0.0,1575.8600000000001,15
2024-10-23,Social Media,184.11,218.0,0.0,19085.0,436.4,4
2024-10-24,Email,59.46,103.56848455172825,1982.0,0.0,808.5699999999999,7
2024-10-24,PPC,352.99,176.0,0.0,0.0,2283.37,23
2024-10-24,Social Media,131.15,197.0,0.0,11164.0,405.97,4
2024-10-25,Email,75.39,127.10021283542832,2513.0,0.0,1292.89,9
2024-10-25,PPC,368.96,184.0,0.0,0.0,1783.75,17
2024-10-25,Social Media,138.02,213.0,0.0,14166.0,487.68,4
2024-10-26,Email,54.12,104.6766812650109,1804.0,0.0,938.3199999999999,7
2024-10-26,PPC,293.72,147.0,0.0,0.0,842.08,10
2024-10-26,Social Media,139.49,151.0,0.0,13524.0,464.32,4
2024-10-27,Email,82.05,114.29894844883104,2735.0,0.0,965.6800000000001,8
2024-10-27,PPC,349.14,175.0,0.0,0.0,1700.18,17
2024-10-27,Social Media,191.73,189.0,0.0,19881.0,466.49,4
2024-10-28,Email,57.0,108.96795852220968,1900.0,0.0,1452.0900000000001,8
2024-10-28,PPC,326.96,163.0,0.0,0.0,2025.31,16
2024-10-28,Social Media,173.63,163.0,0.0,18504.0,117.13,3
2024-10-29,Email,58.11,103.68453878758724,1937.0,0.0,1186.7,8
2024-10-29,PPC,322.9,161.0,0.0,0.0,1102.22,11
2024-10-29,Social Media,160.19,326.0,0.0,17869.0,315.85,7
2024-10-30,Email,43.559999999999995,70.44939764669806,1452.0,0.0,932.79,6
2024-10-30,PPC,375.68,188.0,0.0,0.0,1358.49,14
2024-10-30,Social Media,145.28,192.0,0.0,16285.0,402.22,4
2024-10-31,Email,62.699999999999996,85.26312282993527,2090.0,0.0,1213.8600000000001,8
2024-10-31,PPC,248.46,124.0,0.0,0.0,797.6899999999999,10
2024-10-31,Social Media,141.36,171.0,0.0,11326.0,457.68,4
2024-11-01,Email,42.989999999999995,69.12617992733071,1433.0,0.0,850.94,6
2024-11-01,PPC,238.46,119.0,0.0,0.0,963.75,11
2024-11-01,Social Media,138.78,213.0,0.0,14799.0,632.69,5
2024-11-02,Email,34.11,63.038911224822414,1137.0,0.0,751.48,4
2024-11-02,PPC,277.94,139.0,0.0,0.0,1483.62,14
2024-11-02,Social Media,148.06,177.0,0.0,11918.0,305.39,5
2024-11-03,Email,57.66,100.00153484871798,1922.0,0.0,1304.65,9
2024-11-03,PPC,267.04,134.0,0.0,0.0,1037.24,10
2024-11-03,Social Media,184.65,246.0,0.0,20497.0,499.54,7
2024-11-04,Email,57.089999999999996,116.01414422049244,1903.0,0.0,1525.67,11
2024-11-04,PPC,222.95,111.0,0.0,0.0,693.15,9
2024-11-04,Social Media,141.92,258.0,0.0,15362.0,268.52,6
2024-11-05,Email,73.92,115.0767078232832,2464.0,0.0,999.62,8
2024-11-05,PPC,230.3,115.0,0.0,0.0,1449.91,12
2024-11-05,Social Media,192.74,282.0,0.0,16134.0,507.29,7
2024-11-06,Email,60.33,99.18906928066572,2011.0,0.0,1257.63,9
2024-11-06,PPC,217.5,109.0,0.0,0.0,852.27,8
2024-11-06,Social Media,153.19,173.0,0.0,16871.0,323.08,4
2024-11-07,Email,74.36999999999999,108.35094774751336,2479.0,0.0,1077.96,9
2024-11-07,PPC,221.88,111.0,0.0,0.0,1096.88,13
2024-11-07,Social Media,188.42,277.0,0.0,18660.0,495.46000000000004,7
2024-11-08,Email,48.629999999999995,81.56193861196358,1621.0,0.0,832.75,6
2024-11-08,PPC,343.01,172.0,0.0,0.0,1901.32,20
2024-11-08,Social Media,182.47,326.0,0.0,19403.0,925.62,8
2024-11-09,Email,65.37,117.82151450673724,2179.0,0.0,1134.07,10
2024-11-09,PPC,356.41,178.0,0.0,0.0,2027.2,21
2024-11-09,Social Media,181.95,288.0,0.0,16427.0,277.99,6
2024-11-10,Email,40.89,88.12902662728186,1363.0,0.0,802.5500000000001,6
2024-11-10,PPC,233.03,117.0,0.0,0.0,1058.42,13
2024-11-10,Social Media,124.43,170.0,0.0,13483.0,441.66,4
2024-11-11,Email,44.58,91.48370635344534,1486.0,0.0,1225.12,8
2024-11-11,PPC,271.32,136.0,0.0,0.0,1497.57,13
2024-11-11,Social Media,131.49,215.0,0.0,15761.0,158.1,5
2024-11-12,Email,79.59,113.8846671706259,2653.0,0.0,888.74,9
2024-11-12,PPC,265.98,133.0,0.0,0.0,1992.52,19
2024-11-12,Social Media,163.65,173.0,0.0,16268.0,404.2,5
2024-11-13,Email,67.28999999999999,104.33090688559692,2243.0,0.0,1439.79,9
2024-11-13,PPC,235.79,118.0,0.0,0.0,973.2,9
2024-11-13,Social Media,132.84,254.0,0.0,13166.0,538.1,5
2024-11-14,Email,68.22,125.82131013146817,2274.0,0.0,1161.5,10
2024-11-14,PPC,330.57,165.0,0.0,0.0,2126.97,21
2024-11-14,Social Media,177.77,318.0,0.0,19102.0,448.56,8
2024-11-15,Email,63.72,91.35465115552198,2124.0,0.0,1115.51,9
2024-11-15,PPC,226.98,113.0,0.0,0.0,785.94,11
2024-11-15,Social Media,181.0,341.0,0.0,19257.0,573.99,8
2024-11-16,Email,57.599999999999994,77.92959688295689,1920.0,0.0,659.85,6
2024-11-16,PPC,239.55,120.0,0.0,0.0,1399.09,14
2024-11-16,Social Media,137.38,260.0,0.0,13551.0,485.52,7
2024-11-17,Email,32.91,69.54471024888025,1097.0,0.0,726.68,6
2024-11-17,PPC,260.87,130.0,0.0,0.0,1425.4,13
2024-11-17,Social Media,131.85,181.0,0.0,15476.0,386.5,5
2024-11-18,Email,57.21,80.19845379022212,1907.0,0.0,775.46,6
2024-11-18,PPC,314.41,157.0,0.0,0.0,1007.25,11
2024-11-18,Social Media,168.83,198.0,0.0,17071.0,286.59,5
2024-11-19,Email,54.93,89.88919348859216,1831.0,0.0,869.68,7
2024-11-19,PPC,333.96,167.0,0.0,0.0,1141.57,14
2024-11-19,Social Media,190.04,214.0,0.0,20840.0,435.26,5
2024-11-20,Email,91.92,126.61520285447476,3064.0,0.0,1176.45,9
2024-11-20,PPC,280.71,140.0,0.0,0.0,2116.66,15
2024-11-20,Social Media,122.84,195.0,0.0,10479.0,448.79,5
2024-11-21,Email,47.1,103.37466724255356,1570.0,0.0,1080.99,9
2024-11-21,PPC,319.59,160.0,0.0,0.0,1364.13,15
2024-11-21,Social Media,120.02,263.0,0.0,11523.0,404.69,5
2024-11-22,Email,65.75999999999999,110.16568838737982,2192.0,0.0,1365.07,10
2024-11-22,PPC,307.61,154.0,0.0,0.0,1863.8,17
2024-11-22,Social Media,162.02,291.0,0.0,15489.0,672.38,7
2024-11-23,Email,71.55,98.98628914804723,2385.0,0.0,1085.61,8
2024-11-23,PPC,313.05,157.0,0.0,0.0,1837.17,18
2024-11-23,Social Media,167.74,333.0,0.0,18065.0,517.4499999999999,9
2024-11-24,Email,75.39,135.83441845001482,2513.0,0.0,1923.6399999999999,13
2024-11-24,PPC,254.66,127.0,0.0,0.0,814.03,10
2024-11-24,Social Media,121.49,205.0,0.0,12413.0,257.95,5
2024-11-25,Email,71.22,139.7079564117249,2374.0,0.0,1938.35,13
2024-11-25,PPC,280.55,140.0,0.0,0.0,2052.5,19
2024-11-25,Social Media,188.27,217.0,0.0,21794.0,215.74,5
2024-11-26,Email,69.0,95.6047196432028,2300.0,0.0,775.27,8
2024-11-26,PPC,219.1,110.0,0.0,0.0,906.03,9
2024-11-26,Social Media,116.2,191.0,0.0,9963.0,385.40999999999997,4
2024-11-27,Email,48.54,74.52246670339528,1618.0,0.0,565.8199999999999,5
2024-11-27,PPC,310.19,155.0,0.0,0.0,1343.71,15
2024-11-27,Social Media,157.46,185.0,0.0,13005.0,281.1,5
2024-11-28,Email,69.6,109.45890370260518,2320.0,0.0,1445.79,10
2024-11-28,PPC,294.39,147.0,0.0,0.0,1708.4,16
2024-11-28,Social Media,151.0,178.0,0.0,13622.0,104.37,3
2024-11-29,Email,76.17,121.41169003602148,2539.0,0.0,1251.51,11
2024-11-29,PPC,256.72,128.0,0.0,0.0,1071.13,10
2024-11-29,Social Media,148.89,165.0,0.0,14249.0,371.71000000000004,4
2024-11-30,Email,64.74,126.37844423401216,2158.0,0.0,1269.33,12
2024-11-30,PPC,311.57,156.0,0.0,0.0,958.85,12
2024-11-30,Social Media,178.16,350.0,0.0,21071.0,796.86,8
2024-12-01,Email,67.92,101.35674991455808,2264.0,0.0,983.27,7
2024-12-01,PPC,259.96,130.0,0.0,0.0,1561.8,18
2024-12-01,Social Media,162.29,253.0,0.0,19248.0,484.33,6
2024-12-02,Email,60.78,85.34416182294967,2026.0,0.0,674.78,6
2024-12-02,PPC,242.18,121.0,0.0,0.0,1300.13,13
2024-12-02,Social Media,189.67,315.0,0.0,16183.0,605.36,8
2024-12-03,Email,49.14,84.33821194365007,1638.0,0.0,809.59,6
2024-12-03,PPC,279.31,140.0,0.0,0.0,1648.49,17
2024-12-03,Social Media,140.96,228.0,0.0,16616.0,177.76,4
2024-12-04,Email,63.239999999999995,127.33641566904886,2108.0,0.0,1142.54,9
2024-12-04,PPC,291.59,146.0,0.0,0.0,1564.77,16
2024-12-04,Social Media,189.95,299.0,0.0,18724.0,627.58,8
2024-12-05,Email,78.17999999999999,107.336278009687,2606.0,0.0,1441.32,10
2024-12-05,PPC,230.1,115.0,0.0,0.0,1147.1200000000001,11
2024-12-05,Social Media,143.9,242.0,0.0,15764.0,986.0900000000001,6
2024-12-06,Email,57.3,127.33529983043113,1910.0,0.0,1386.21,10
2024-12-06,PPC,290.45,145.0,0.0,0.0,1977.79,17
2024-12-06,Social Media,109.87,195.0,0.0,13075.0,593.29,5
2024-12-07,Email,70.38,150.33098409700986,2346.0,0.0,1749.16,14
2024-12-07,PPC,246.04,123.0,0.0,0.0,935.03,11
2024-12-07,Social Media,109.36,178.0,0.0,11933.0,423.69000000000005,4
2024-12-08,Email,60.089999999999996,115.32084211729916,2003.0,0.0,1014.55,9
2024-12-08,PPC,278.71,139.0,0.0,0.0,1529.74,14
2024-12-08,Social Media,139.78,129.0,0.0,12435.0,210.01,3
2024-12-09,Email,62.61,105.3023997617563,2087.0,0.0,1145.13,9
2024-12-09,PPC,278.57,139.0,0.0,0.0,1282.3,14
2024-12-09,Social Media,174.26,181.0,0.0,17928.0,179.59,3
2024-12-10,Email,98.31,147.27320364745557,3277.0,0.0,1174.97,10
2024-12-10,PPC,246.74,123.0,0.0,0.0,1450.32,15
2024-12-10,Social Media,155.99,213.0,0.0,15967.0,263.0,5
2024-12-11,Email,86.28,133.23082727026755,2876.0,0.0,1530.53,10
2024-12-11,PPC,173.88,87.0,0.0,0.0,1279.88,12
2024-12-11,Social Media,117.86,128.0,0.0,11542.0,206.70999999999998,3
2024-12-12,Email,70.35,98.172877069856,2345.0,0.0,956.07,7
2024-12-12,PPC,184.56,92.0,0.0,0.0,923.57,11
2024-12-12,Social Media,174.59,184.0,0.0,14003.0,303.38,4
2024-12-13,Email,75.42,108.09699841233196,2514.0,0.0,905.77,7
2024-12-13,PPC,231.49,116.0,0.0,0.0,973.8599999999999,11
2024-12-13,Social Media,140.13,240.0,0.0,13238.0,615.15,6
2024-12-14,Email,82.98,129.00088147561237,2766.0,0.0,1613.54,12
2024-12-14,PPC,216.68,108.0,0.0,0.0,836.9499999999999,9
2024-12-14,Social Media,133.01,261.0,0.0,15011.0,529.3399999999999,5
2024-12-15,Email,94.83,143.88226702277217,3161.0,0.0,1582.8,11
2024-12-15,PPC,248.29,124.0,0.0,0.0,1487.44,13
2024-12-15,Social Media,157.23,166.0,0.0,16489.0,294.1,4
2024-12-16,Email,92.28,152.7389520489602,3076.0,0.0,1749.61,13
2024-12-16,PPC,200.33,100.0,0.0,0.0,865.62,12
2024-12-16,Social Media,127.04,173.0,0.0,12420.0,370.89,4
2024-12-17,Email,95.75999999999999,142.568795287764,3192.0,0.0,1295.77,11
2024-12-17,PPC,311.2,156.0,0.0,0.0,2087.99,19
2024-12-17,Social Media,133.35,206.0,0.0,15672.0,339.41,4
2024-12-18,Email,63.629999999999995,124.36972256326048,2121.0,0.0,1467.4,10
2024-12-18,PPC,282.06,141.0,0.0,0.0,1021.74,12
2024-12-18,Social Media,175.03,264.0,0.0,16471.0,406.75,7
2024-12-19,Email,55.559999999999995,100.13973197437578,1852.0,0.0,1031.56,9
2024-12-19,PPC,224.4,112.0,0.0,0.0,1078.71,11
2024-12-19,Social Media,177.2,321.0,0.0,17152.0,409.56,7
2024-12-20,Email,68.61,118.87689889859529,2287.0,0.0,1341.83,10
2024-12-20,PPC,256.16,128.0,0.0,0.0,1346.71,12
2024-12-20,Social Media,103.76,92.0,0.0,9123.0,114.17,2
2024-12-21,Email,63.39,127.57938080251752,2113.0,0.0,1378.38,11
2024-12-21,PPC,260.92,130.0,0.0,0.0,1100.3700000000001,10
2024-12-21,Social Media,179.53,239.0,0.0,21519.0,451.59000000000003,6
2024-12-22,Email,85.56,159.24542184722822,2852.0,0.0,2572.7,15
2024-12-22,PPC,237.29,119.0,0.0,0.0,938.38,12
2024-12-22,Social Media,163.06,183.0,0.0,17170.0,365.78,5
2024-12-23,Email,73.77,153.87335727698306,2459.0,0.0,1365.1299999999999,12
2024-12-23,PPC,240.98,120.0,0.0,0.0,925.73,11
2024-12-23,Social Media,114.93,171.0,0.0,10769.0,312.84000000000003,3
2024-12-24,Email,76.8,152.4616175802301,2560.0,0.0,1799.45,14
2024-12-24,PPC,208.77,104.0,0.0,0.0,1490.07,14
2024-12-24,Social Media,144.0,303.0,0.0,11532.0,551.5699999999999,6
2024-12-25,Email,92.52,143.00873241257128,3084.0,0.0,1148.65,11
2024-12-25,PPC,221.39,111.0,0.0,0.0,1063.93,10
2024-12-25,Social Media,116.17,211.0,0.0,9922.0,557.63,5
2024-12-26,Email,75.69,108.51333427185764,2523.0,0.0,1163.85,9
2024-12-26,PPC,215.68,108.0,0.0,0.0,942.5799999999999,9
2024-12-26,Social Media,100.0,145.0,0.0,9647.0,474.22,4
2024-12-27,Email,97.8,140.97416191623253,3260.0,0.0,1860.32,13
2024-12-27,PPC,272.78,136.0,0.0,0.0,1622.24,17
2024-12-27,Social Media,146.04,238.0,0.0,12482.0,451.67999999999995,5
2024-12-28,Email,82.64999999999999,147.3900635165794,2755.0,0.0,1338.1,11
2024-12-28,PPC,232.0,116.0,0.0,0.0,1130.42,11
2024-12-28,Social Media,121.2,229.0,0.0,11660.0,440.48,5
2024-12-29,Email,53.699999999999996,103.7599995354948,1790.0,0.0,871.16,7
2024-12-29,PPC,253.32,127.0,0.0,0.0,1909.43,15
2024-12-29,Social Media,130.32,209.0,0.0,13246.0,289.18,4
2024-12-30,Email,45.9,101.08304532559028,1530.0,0.0,1022.88,8
2024-12-30,PPC,234.12,117.0,0.0,0.0,864.5699999999999,8
2024-12-30,Social Media,102.52,129.0,0.0,8970.0,189.48,3
2024-12-31,Email,74.42999999999999,119.35839344062973,2481.0,0.0,1012.49,10
2024-12-31,PPC,309.95,155.0,0.0,0.0,1385.79,14
2024-12-31,Social Media,101.76,111.0,0.0,9048.0,128.34,2
2025-01-01,Email,76.32,113.585355653724,2544.0,0.0,1344.24,10
2025-01-01,PPC,203.97,102.0,0.0,0.0,910.15,10
2025-01-01,Social Media,156.81,150.0,0.0,13995.0,394.29,3
2025-01-02,Email,50.79,99.76336467754,1693.0,0.0,861.39,7
2025-01-02,PPC,206.17,103.0,0.0,0.0,1472.77,12
2025-01-02,Social Media,164.24,326.0,0.0,17256.0,460.65000000000003,7
2025-01-03,Email,102.6,158.89197558222352,3420.0,0.0,1778.27,13
2025-01-03,PPC,205.75,103.0,0.0,0.0,1218.72,10
2025-01-03,Social Media,94.6,144.0,0.0,9447.0,327.5,2
2025-01-04,Email,66.0,130.9708669074921,2200.0,0.0,1204.29,9
2025-01-04,PPC,315.96,158.0,0.0,0.0,1576.53,15
2025-01-04,Social Media,119.82,203.0,0.0,13667.0,250.56,5
2025-01-05,Email,65.73,101.99984146611835,2191.0,0.0,963.4000000000001,7
2025-01-05,PPC,219.42,110.0,0.0,0.0,699.88,8
2025-01-05,Social Media,116.22,227.0,0.0,12365.0,525.8299999999999,5
2025-01-06,Email,61.83,132.97882683679543,2061.0,0.0,1629.39,13
2025-01-06,PPC,214.79,107.0,0.0,0.0,945.63,9
2025-01-06,Social Media,108.42,231.0,0.0,9809.0,374.46999999999997,4
2025-01-07,Email,88.95,148.9078755451524,2965.0,0.0,1685.99,12
2025-01-07,PPC,256.21,128.0,0.0,0.0,1485.44,14
2025-01-07,Social Media,145.69,158.0,0.0,13747.0,92.99000000000001,3
2025-01-08,Email,98.7,143.78716493246765,3290.0,0.0,2044.46,13
2025-01-08,PPC,213.29,107.0,0.0,0.0,1335.87,10
2025-01-08,Social Media,155.65,268.0,0.0,13014.0,250.65,5
2025-01-09,Email,70.5,126.616996712408,2350.0,0.0,1373.15,12
2025-01-09,PPC,301.34,151.0,0.0,0.0,1119.37,14
2025-01-09,Social Media,166.83,269.0,0.0,17179.0,475.23,7
2025-01-10,Email,78.92999999999999,109.39779621690172,2631.0,0.0,1007.0,7
2025-01-10,PPC,283.05,142.0,0.0,0.0,1787.03,11
2025-01-10,Social Media,106.05,244.0,0.0,9093.0,425.19,5
2025-01-11,Email,93.81,140.1301113330302,3127.0,0.0,1551.09,13
2025-01-11,PPC,252.25,126.0,0.0,0.0,1443.97,12
2025-01-11,Social Media,100.49,185.0,0.0,8600.0,171.84,3
2025-01-12,Email,73.32,144.81461113359546,2444.0,0.0,1308.79,11
2025-01-12,PPC,234.16,117.0,0.0,0.0,1023.6,11
2025-01-12,Social Media,98.0,128.0,0.0,10029.0,209.17999999999998,3
2025-01-13,Email,67.32,143.4520842047868,2244.0,0.0,1458.99,12
2025-01-13,PPC,291.8,146.0,0.0,0.0,1232.95,11
2025-01-13,Social Media,157.01,248.0,0.0,14709.0,347.68,5
2025-01-14,Email,65.49,98.04343667512586,2183.0,0.0,961.15,8
2025-01-14,PPC,265.96,133.0,0.0,0.0,1597.24,12
2025-01-14,Social Media,134.78,173.0,0.0,10845.0,418.47999999999996,4
2025-01-15,Email,94.77,127.5896899506173,3159.0,0.0,1056.6100000000001,9
2025-01-15,PPC,314.39,157.0,0.0,0.0,1210.92,13
2025-01-15,Social Media,143.3,259.0,0.0,14630.0,782.52,7
2025-01-16,Email,54.21,115.0919781617656,1807.0,0.0,1701.24,11
2025-01-16,PPC,334.47,167.0,0.0,0.0,2042.94,18
2025-01-16,Social Media,125.98,236.0,0.0,13207.0,341.56,6
2025-01-17,Email,93.92999999999999,159.5515453288397,3131.0,0.0,1480.64,11
2025-01-17,PPC,304.25,152.0,0.0,0.0,1617.3799999999999,19
2025-01-17,Social Media,159.21,337.0,0.0,13826.0,558.61,8
2025-01-18,Email,95.75999999999999,139.9697422524698,3192.0,0.0,1720.99,12
2025-01-18,PPC,267.22,134.0,0.0,0.0,1234.19,10
2025-01-18,Social Media,106.36,162.0,0.0,12304.0,349.33,4
2025-01-19,Email,74.85,103.34802313734974,2495.0,0.0,949.24,7
2025-01-19,PPC,328.48,164.0,0.0,0.0,1579.72,13
2025-01-19,Social Media,91.48,119.0,0.0,7546.0,224.89,3
2025-01-20,Email,72.96,150.68794195748228,2432.0,0.0,1384.27,11
2025-01-20,PPC,311.31,156.0,0.0,0.0,2183.0,18
2025-01-20,Social Media,134.57,215.0,0.0,11967.0,308.84,5
2025-01-21,Email,106.41,162.99114857205336,3547.0,0.0,1374.4099999999999,11
2025-01-21,PPC,336.38,168.0,0.0,0.0,2273.61,17
2025-01-21,Social Media,148.76,213.0,0.0,15570.0,336.46000000000004,5
2025-01-22,Email,74.55,124.25938460164366,2485.0,0.0,1288.87,11
2025-01-22,PPC,326.5,163.0,0.0,0.0,1874.57,20
2025-01-22,Social Media,147.42,253.0,0.0,12219.0,527.21,7
2025-01-23,Email,83.28,124.49447907508385,2776.0,0.0,1524.71,10
2025-01-23,PPC,280.7,140.0,0.0,0.0,1306.74,13
2025-01-23,Social Media,98.94,192.0,0.0,8639.0,387.81,4
2025-01-24,Email,54.87,101.69834385783524,1829.0,0.0,1191.85,9
2025-01-24,PPC,288.02,144.0,0.0,0.0,1243.96,11
2025-01-24,Social Media,98.01,146.0,0.0,10459.0,415.01,3
2025-01-25,Email,95.64,148.87296887332178,3188.0,0.0,1751.58,14
2025-01-25,PPC,230.42,115.0,0.0,0.0,1189.66,12
2025-01-25,Social Media,130.98,193.0,0.0,12548.0,467.22,5
2025-01-26,Email,74.91,114.02041712915768,2497.0,0.0,1220.81,11
2025-01-26,PPC,348.32,174.0,0.0,0.0,2159.99,24
2025-01-26,Social Media,92.56,146.0,0.0,8274.0,177.56,4
2025-01-27,Email,73.44,147.14281956070312,2448.0,0.0,1860.59,14
2025-01-27,PPC,320.9,160.0,0.0,0.0,1554.67,14
2025-01-27,Social Media,151.13,312.0,0.0,16613.0,673.3199999999999,8
2025-01-28,Email,57.93,119.24236970483511,1931.0,0.0,1642.89,11
2025-01-28,PPC,337.44,169.0,0.0,0.0,1648.1,14
2025-01-28,Social Media,140.95,218.0,0.0,13441.0,259.7,4
2025-01-29,Email,48.3,87.32131821724822,1610.0,0.0,925.87,8
2025-01-29,PPC,217.79,109.0,0.0,0.0,940.94,10
2025-01-29,Social Media,116.14,252.0,0.0,10424.0,403.34999999999997,5
2025-01-30,Email,78.6,112.38196724698705,2620.0,0.0,1286.41,9
2025-01-30,PPC,343.06,172.0,0.0,0.0,1528.02,17
2025-01-30,Social Media,102.2,204.0,0.0,8809.0,375.07,5
2025-01-31,Email,84.39,119.42666468227266,2813.0,0.0,1641.8600000000001,11
2025-01-31,PPC,269.51,135.0,0.0,0.0,1013.74,11
2025-01-31,Social Media,140.37,192.0,0.0,12235.0,221.4,4
2025-02-01,Email,75.48,114.45779828200496,2516.0,0.0,999.5699999999999,8
2025-02-01,PPC,243.71,122.0,0.0,0.0,1065.71,11
2025-02-01,Social Media,139.32,158.0,0.0,14452.0,373.42,4
2025-02-02,Email,41.04,87.47778970760866,1368.0,0.0,695.9100000000001,6
2025-02-02,PPC,255.95,128.0,0.0,0.0,1156.8,12
2025-02-02,Social Media,105.3,108.0,0.0,8442.0,229.14,2
2025-02-03,Email,42.629999999999995,85.48908847014124,1421.0,0.0,1007.78,7
2025-02-03,PPC,275.69,138.0,0.0,0.0,1620.19,18
2025-02-03,Social Media,106.54,108.0,0.0,12645.0,141.43,3
2025-02-04,Email,63.239999999999995,89.4941658077907,2108.0,0.0,949.23,8
2025-02-04,PPC,326.54,163.0,0.0,0.0,2084.02,20
2025-02-04,Social Media,152.7,171.0,0.0,15864.0,346.86,3
2025-02-05,Email,52.47,104.49550850906716,1749.0,0.0,1047.45,7
2025-02-05,PPC,231.15,116.0,0.0,0.0,1204.1100000000001,12
2025-02-05,Social Media,125.36,194.0,0.0,15038.0,282.01,4
2025-02-06,Email,70.02,109.49561269712684,2334.0,0.0,834.9,7
2025-02-06,PPC,276.91,138.0,0.0,0.0,1646.96,16
2025-02-06,Social Media,75.02,125.0,0.0,8395.0,401.02,3
2025-02-07,Email,48.57,104.49697759076382,1619.0,0.0,1038.8600000000001,8
2025-02-07,PPC,290.59,145.0,0.0,0.0,1650.05,15
2025-02-07,Social Media,114.26,187.0,0.0,9320.0,336.91,4
2025-02-08,Email,41.82,85.50209925766495,1394.0,0.0,824.6999999999999,6
2025-02-08,PPC,365.06,183.0,0.0,0.0,1994.1,20
2025-02-08,Social Media,144.12,218.0,0.0,13109.0,345.59000000000003,4
2025-02-09,Email,50.1,89.51346437554041,1670.0,0.0,1013.77,8
2025-02-09,PPC,269.39,135.0,0.0,0.0,1503.1,14
2025-02-09,Social Media,79.36,113.0,0.0,6930.0,91.54,2
2025-02-10,Email,61.98,116.53354401672432,2066.0,0.0,890.94,9
2025-02-10,PPC,299.41,150.0,0.0,0.0,1495.2,14
2025-02-10,Social Media,132.79,218.0,0.0,11233.0,512.5699999999999,6
2025-02-11,Email,59.16,119.56478747178114,1972.0,0.0,948.86,9
2025-02-11,PPC,366.71,183.0,0.0,0.0,1780.55,18
2025-02-11,Social Media,121.75,232.0,0.0,13012.0,391.05,5
2025-02-12,Email,73.61999999999999,119.60961612755452,2454.0,0.0,1516.54,11
2025-02-12,PPC,238.79,119.0,0.0,0.0,785.3399999999999,10
2025-02-12,Social Media,128.43,211.0,0.0,14320.0,266.99,5
2025-02-13,Email,42.54,88.67041741496143,1418.0,0.0,730.88,6
2025-02-13,PPC,327.3,164.0,0.0,0.0,2175.88,18
2025-02-13,Social Media,114.35,163.0,0.0,10865.0,319.69,3
2025-02-14,Email,74.88,112.74953884165816,2496.0,0.0,1379.74,10
2025-02-14,PPC,334.98,167.0,0.0,0.0,1639.26,17
2025-02-14,Social Media,149.91,226.0,0.0,17494.0,364.22,6
2025-02-15,Email,57.78,82.84928212449357,1926.0,0.0,1008.4399999999999,7
2025-02-15,PPC,244.75,122.0,0.0,0.0,1011.22,9
2025-02-15,Social Media,136.96,144.0,0.0,16108.0,167.53,2
2025-02-16,Email,66.21,105.97189743641606,2207.0,0.0,1280.08,8
2025-02-16,PPC,353.22,177.0,0.0,0.0,2297.54,21
2025-02-16,Social Media,134.3,194.0,0.0,12781.0,556.59,5
2025-02-17,Email,41.07,77.1195777822126,1369.0,0.0,761.72,6
2025-02-17,PPC,315.81,158.0,0.0,0.0,759.5,11
2025-02-17,Social Media,95.02,168.0,0.0,10092.0,343.96000000000004,3
2025-02-18,Email,79.2,114.29445351713927,2640.0,0.0,1354.11,9
2025-02-18,PPC,273.0,136.0,0.0,0.0,1024.16,10
2025-02-18,Social Media,132.91,240.0,0.0,14472.0,420.22,6
2025-02-19,Email,50.82,74.49858702214236,1694.0,0.0,1162.24,7
2025-02-19,PPC,261.1,131.0,0.0,0.0,910.3,10
2025-02-19,Social Media,86.63,102.0,0.0,8615.0,138.96,2
2025-02-20,Email,66.21,128.73396754898005,2207.0,0.0,1346.75,10
2025-02-20,PPC,295.59,148.0,0.0,0.0,1490.3,14
2025-02-20,Social Media,135.83,195.0,0.0,14253.0,416.02,5
2025-02-21,Email,81.03,130.00250624812915,2701.0,0.0,1387.56,9
2025-02-21,PPC,310.38,155.0,0.0,0.0,1004.88,11
2025-02-21,Social Media,79.37,95.0,0.0,7774.0,317.45,2
2025-02-22,Email,75.42,116.3060313919041,2514.0,0.0,1185.6,9
2025-02-22,PPC,338.46,169.0,0.0,0.0,1507.08,13
2025-02-22,Social Media,104.55,150.0,0.0,10678.0,234.14,3
2025-02-23,Email,52.29,87.64628380472836,1743.0,0.0,656.6700000000001,7
2025-02-23,PPC,277.41,139.0,0.0,0.0,1314.08,13
2025-02-23,Social Media,120.76,134.0,0.0,13021.0,442.03,3
2025-02-24,Email,66.33,97.02491251198,2211.0,0.0,1134.52,7
2025-02-24,PPC,257.91,129.0,0.0,0.0,1248.09,9
2025-02-24,Social Media,144.15,188.0,0.0,11636.0,228.93,4
2025-02-25,Email,68.49,108.44347061828692,2283.0,0.0,1334.3000000000002,8
2025-02-25,PPC,326.95,163.0,0.0,0.0,892.89,12
2025-02-25,Social Media,147.19,310.0,0.0,14637.0,732.74,8
2025-02-26,Email,54.87,113.90341142557436,1829.0,0.0,1439.42,10
2025-02-26,PPC,268.68,134.0,0.0,0.0,1435.8600000000001,12
2025-02-26,Social Media,73.07,133.0,0.0,5942.0,261.4,3
2025-02-27,Email,43.35,64.4060848005666,1445.0,0.0,597.97,5
2025-02-27,PPC,278.5,139.0,0.0,0.0,932.24,10
2025-02-27,Social Media,127.95,174.0,0.0,12269.0,320.26,5
2025-02-28,Email,53.16,73.95273380082352,1772.0,0.0,613.01,5
2025-02-28,PPC,317.39,159.0,0.0,0.0,1899.24,17
2025-02-28,Social Media,118.49,193.0,0.0,12516.0,326.73,5
2025-03-01,Email,48.059999999999995,94.54449156774388,1602.0,0.0,1010.53,8
2025-03-01,PPC,293.03,147.0,0.0,0.0,1800.23,16
2025-03-01,Social Media,123.31,148.0,0.0,9894.0,465.77,4
2025-03-02,Email,57.0,79.18237849430184,1900.0,0.0,828.88,5
2025-03-02,PPC,321.68,161.0,0.0,0.0,1088.61,12
2025-03-02,Social Media,126.31,125.0,0.0,12066.0,133.38,2
2025-03-03,Email,50.669999999999995,80.86729967459624,1689.0,0.0,832.1700000000001,6
2025-03-03,PPC,316.63,158.0,0.0,0.0,1851.8,16
2025-03-03,Social Media,94.29,143.0,0.0,8557.0,474.56,3
2025-03-04,Email,40.44,86.60004264158643,1348.0,0.0,817.21,7
2025-03-04,PPC,301.6,151.0,0.0,0.0,1026.73,11
2025-03-04,Social Media,125.01,163.0,0.0,12154.0,406.03,4
2025-03-05,Email,50.55,98.38127539867016,1685.0,0.0,1408.1599999999999,9
2025-03-05,PPC,316.36,158.0,0.0,0.0,1243.42,14
2025-03-05,Social Media,102.55,186.0,0.0,11330.0,248.75,5
2025-03-06,Email,51.629999999999995,70.21154475002298,1721.0,0.0,822.23,6
2025-03-06,PPC,277.84,139.0,0.0,0.0,988.0600000000001,11
2025-03-06,Social Media,141.92,280.0,0.0,14250.0,187.74,5
2025-03-07,Email,69.99,96.09127493387246,2333.0,0.0,1199.32,8
2025-03-07,PPC,328.96,164.0,0.0,0.0,1843.3600000000001,18
2025-03-07,Social Media,86.21,136.0,0.0,8924.0,428.02000000000004,3
2025-03-08,Email,50.19,71.02076656212367,1673.0,0.0,563.64,5
2025-03-08,PPC,287.62,144.0,0.0,0.0,1158.19,11
2025-03-08,Social Media,143.09,221.0,0.0,13009.0,422.3,5
2025-03-09,Email,55.41,113.00019586898593,1847.0,0.0,1283.53,10
2025-03-09,PPC,385.58,193.0,0.0,0.0,1434.35,17
2025-03-09,Social Media,75.63,104.0,0.0,7535.0,87.19,2
2025-03-10,Email,49.29,66.0296142704791,1643.0,0.0,646.77,5
2025-03-10,PPC,394.14,197.0,0.0,0.0,2311.16,23
2025-03-10,Social Media,90.3,114.0,0.0,10042.0,193.73000000000002,3
2025-03-11,Email,50.58,72.10894823592022,1686.0,0.0,1012.29,6
2025-03-11,PPC,391.2,196.0,0.0,0.0,1875.35,19
2025-03-11,Social Media,117.4,264.0,0.0,11687.0,594.42,7
2025-03-12,Email,63.54,105.23799947171204,2118.0,0.0,1177.75,9
2025-03-12,PPC,321.54,161.0,0.0,0.0,1851.52,16
2025-03-12,Social Media,126.94,275.0,0.0,11579.0,639.77,8
2025-03-13,Email,48.12,83.41644541697366,1604.0,0.0,1114.6,8
2025-03-13,PPC,344.03,172.0,0.0,0.0,1446.38,14
2025-03-13,Social Media,122.12,232.0,0.0,10098.0,319.01,5
2025-03-14,Email,30.029999999999998,62.64384004977477,1001.0,0.0,701.39,5
2025-03-14,PPC,293.46,147.0,0.0,0.0,1482.2,15
2025-03-14,Social Media,122.52,160.0,0.0,10445.0,239.73999999999998,3
2025-03-15,Email,48.39,65.91961500195822,1613.0,0.0,514.77,5
2025-03-15,PPC,399.36,200.0,0.0,0.0,1720.52,20
2025-03-15,Social Media,80.32,94.0,0.0,9335.0,287.69,2
2025-03-16,Email,62.16,126.24308097976434,2072.0,0.0,1603.68,12
2025-03-16,PPC,281.2,141.0,0.0,0.0,1088.77,9
2025-03-16,Social Media,107.89,182.0,0.0,10480.0,250.32999999999998,4
2025-03-17,Email,48.12,94.61342948670648,1604.0,0.0,1236.64,9
2025-03-17,PPC,346.43,173.0,0.0,0.0,1820.92,17
2025-03-17,Social Media,147.41,252.0,0.0,11970.0,556.18,7
2025-03-18,Email,41.1,66.02973484439103,1370.0,0.0,637.51,6
2025-03-18,PPC,331.71,166.0,0.0,0.0,2496.23,22
2025-03-18,Social Media,96.98,148.0,0.0,10412.0,267.96000000000004,4
2025-03-19,Email,91.38,126.49095650623144,3046.0,0.0,1282.42,10
2025-03-19,PPC,392.85,196.0,0.0,0.0,2113.44,18
2025-03-19,Social Media,104.61,218.0,0.0,9755.0,182.78,4
2025-03-20,Email,33.03,72.99594165827267,1101.0,0.0,797.46,6
2025-03-20,PPC,286.76,143.0,0.0,0.0,1505.33,15
2025-03-20,Social Media,107.73,148.0,0.0,9582.0,180.89,3
2025-03-21,Email,87.75,130.54342810062582,2925.0,0.0,1347.62,10
2025-03-21,PPC,293.27,147.0,0.0,0.0,1366.29,14
2025-03-21,Social Media,107.44,150.0,0.0,10505.0,192.32,3
2025-03-22,Email,91.41,133.13204740231046,3047.0,0.0,1994.6299999999999,12
2025-03-22,PPC,294.86,147.0,0.0,0.0,1004.19,13
2025-03-22,Social Media,151.1,187.0,0.0,13296.0,203.89000000000001,3
2025-03-23,Email,44.97,81.76032832161934,1499.0,0.0,644.78,6
2025-03-23,PPC,378.66,189.0,0.0,0.0,1369.0900000000001,15
2025-03-23,Social Media,108.86,141.0,0.0,10135.0,240.5,3
2025-03-24,Email,64.23,95.4267004834566,2141.0,0.0,978.98,8
2025-03-24,PPC,360.28,180.0,0.0,0.0,1568.7,20
2025-03-24,Social Media,151.43,218.0,0.0,17819.0,299.65,5
2025-03-25,Email,48.629999999999995,81.12949830445756,1621.0,0.0,841.72,6
2025-03-25,PPC,385.7,193.0,0.0,0.0,1848.17,16
2025-03-25,Social Media,76.0,100.0,0.0,8690.0,70.63,2
2025-03-26,Email,59.489999999999995,97.86696515607969,1983.0,0.0,1011.4300000000001,7
2025-03-26,PPC,368.78,184.0,0.0,0.0,1879.49,19
2025-03-26,Social Media,112.41,128.0,0.0,12983.0,65.46,2
2025-03-27,Email,65.55,90.63725775525933,2185.0,0.0,1151.56,7
2025-03-27,PPC,360.04,180.0,0.0,0.0,2025.8700000000001,16
2025-03-27,Social Media,136.24,150.0,0.0,12363.0,313.03999999999996,4
2025-03-28,Email,87.11999999999999,118.43845077165908,2904.0,0.0,1349.77,9
2025-03-28,PPC,405.91,203.0,0.0,0.0,1919.0,20
2025-03-28,Social Media,120.29,207.0,0.0,10979.0,553.99,6
2025-03-29,Email,48.66,73.2685416399913,1622.0,0.0,839.4200000000001,6
2025-03-29,PPC,341.92,171.0,0.0,0.0,1898.18,19
2025-03-29,Social Media,142.11,242.0,0.0,12137.0,566.95,7
2025-03-30,Email,53.94,95.12545556538804,1798.0,0.0,813.02,7
2025-03-30,PPC,304.16,152.0,0.0,0.0,1422.03,14
2025-03-30,Social Media,90.54,88.0,0.0,8815.0,145.03,2
2025-03-31,Email,35.76,78.00705070930798,1192.0,0.0,597.28,5
2025-03-31,PPC,281.21,141.0,0.0,0.0,969.49,11
2025-03-31,Social Media,147.15,162.0,0.0,16333.0,206.21,4
2025-04-01,Email,50.28,71.9111235430172,1676.0,0.0,714.25,6
2025-04-01,PPC,395.54,198.0,0.0,0.0,1890.78,20
2025-04-01,Social Media,114.84,217.0,0.0,9316.0,187.99,4
2025-04-02,Email,66.39,135.83541435526342,2213.0,0.0,1163.79,10
2025-04-02,PPC,332.1,166.0,0.0,0.0,2002.38,15
2025-04-02,Social Media,135.35,137.0,0.0,12917.0,140.21,3
2025-04-03,Email,65.25,111.77761290037743,2175.0,0.0,1111.43,8
2025-04-03,PPC,313.37,157.0,0.0,0.0,1107.71,13
2025-04-03,Social Media,141.0,213.0,0.0,16258.0,367.76,5
2025-04-04,Email,72.66,135.73536417268397,2422.0,0.0,1649.3600000000001,12
2025-04-04,PPC,296.83,148.0,0.0,0.0,1436.16,14
2025-04-04,Social Media,153.38,194.0,0.0,18099.0,197.78,4
2025-04-05,Email,46.11,87.70627429278943,1537.0,0.0,935.23,8
2025-04-05,PPC,274.91,137.0,0.0,0.0,1337.1399999999999,15
2025-04-05,Social Media,80.18,102.0,0.0,9391.0,121.86,2
2025-04-06,Email,46.71,85.68791649103382,1557.0,0.0,654.51,6
2025-04-06,PPC,364.57,182.0,0.0,0.0,2811.22,26
2025-04-06,Social Media,155.89,177.0,0.0,12725.0,340.86,5
2025-04-07,Email,90.27,140.67783717315083,3009.0,0.0,941.51,10
2025-04-07,PPC,393.68,197.0,0.0,0.0,2569.29,26
2025-04-07,Social Media,107.18,143.0,0.0,8971.0,270.89,4
2025-04-08,Email,63.629999999999995,135.673562052976,2121.0,0.0,1324.01,11
2025-04-08,PPC,350.2,175.0,0.0,0.0,1596.45,16
2025-04-08,Social Media,105.63,151.0,0.0,9403.0,228.31,3
2025-04-09,Email,63.48,104.67260233687315,2116.0,0.0,1270.67,9
2025-04-09,PPC,385.94,193.0,0.0,0.0,2831.88,22
2025-04-09,Social Media,138.24,187.0,0.0,12054.0,284.09000000000003,5
2025-04-10,Email,46.11,100.67246094442274,1537.0,0.0,855.54,8
2025-04-10,PPC,406.85,203.0,0.0,0.0,1931.81,19
2025-04-10,Social Media,143.43,275.0,0.0,11775.0,641.1800000000001,6
2025-04-11,Email,72.92999999999999,149.67063874982216,2431.0,0.0,1448.84,13
2025-04-11,PPC,386.59,193.0,0.0,0.0,1674.46,19
2025-04-11,Social Media,118.27,133.0,0.0,9996.0,172.97,2
2025-04-12,Email,62.099999999999994,105.66464082839884,2070.0,0.0,1207.11,9
2025-04-12,PPC,384.59,192.0,0.0,0.0,2305.78,23
2025-04-12,Social Media,96.04,184.0,0.0,8871.0,248.57,4
2025-04-13,Email,81.06,130.65198269262268,2702.0,0.0,1520.61,12
2025-04-13,PPC,359.82,180.0,0.0,0.0,1740.18,17
2025-04-13,Social Media,96.04,110.0,0.0,8670.0,159.23000000000002,2
2025-04-14,Email,79.14,152.63019650203077,2638.0,0.0,2025.93,13
2025-04-14,PPC,335.47,168.0,0.0,0.0,1480.93,17
2025-04-14,Social Media,136.17,155.0,0.0,11034.0,211.64,3
2025-04-15,Email,63.48,92.59683723154347,2116.0,0.0,966.9000000000001,9
2025-04-15,PPC,338.82,169.0,0.0,0.0,1345.95,17
2025-04-15,Social Media,156.89,309.0,0.0,16557.0,393.53,7
2025-04-16,Email,76.05,111.54948878275384,2535.0,0.0,1223.23,9
2025-04-16,PPC,346.63,173.0,0.0,0.0,2244.22,20
2025-04-16,Social Media,161.66,257.0,0.0,17436.0,585.02,5
2025-04-17,Email,94.25999999999999,128.48577002291515,3142.0,0.0,1588.62,12
2025-04-17,PPC,333.31,167.0,0.0,0.0,1943.97,15
2025-04-17,Social Media,88.21,105.0,0.0,8027.0,202.24,2
2025-04-18,Email,90.39,123.4033407365328,3013.0,0.0,1147.44,8
2025-04-18,PPC,377.76,189.0,0.0,0.0,1425.8,17
2025-04-18,Social Media,150.36,239.0,0.0,13731.0,326.61,6
2025-04-19,Email,96.03,136.29990747468443,3201.0,0.0,1535.51,11
2025-04-19,PPC,387.57,194.0,0.0,0.0,1909.76,18
2025-04-19,Social Media,159.15,211.0,0.0,15587.0,362.56,5
2025-04-20,Email,111.53999999999999,158.17322928744747,3718.0,0.0,1497.32,13
2025-04-20,PPC,283.61,142.0,0.0,0.0,1552.19,17
2025-04-20,Social Media,118.94,171.0,0.0,14121.0,146.38,3
2025-04-21,Email,61.26,130.02112332510734,2042.0,0.0,1052.72,9
2025-04-21,PPC,339.83,170.0,0.0,0.0,2553.86,20
2025-04-21,Social Media,145.74,190.0,0.0,12282.0,148.5,3
2025-04-22,Email,77.49,106.84147029414446,2583.0,0.0,1240.11,9
2025-04-22,PPC,269.98,135.0,0.0,0.0,1151.23,10
2025-04-22,Social Media,147.34,185.0,0.0,17588.0,214.56,3
2025-04-23,Email,104.88,148.63221975436477,3496.0,0.0,1654.99,11
2025-04-23,PPC,304.1,152.0,0.0,0.0,2028.35,14
2025-04-23,Social Media,137.55,226.0,0.0,13466.0,379.59,5
2025-04-24,Email,48.269999999999996,102.39139524393204,1609.0,0.0,942.73,8
2025-04-24,PPC,292.14,146.0,0.0,0.0,1355.58,16
2025-04-24,Social Media,117.12,174.0,0.0,9451.0,270.82,3
2025-04-25,Email,102.50999999999999,144.1170992194933,3417.0,0.0,1223.84,10
2025-04-25,PPC,259.1,130.0,0.0,0.0,863.48,10
2025-04-25,Social Media,162.71,294.0,0.0,17981.0,373.7,6
2025-04-26,Email,71.16,130.80751779904898,2372.0,0.0,1483.1,12
2025-04-26,PPC,250.47,125.0,0.0,0.0,730.44,10
2025-04-26,Social Media,129.08,147.0,0.0,13401.0,303.5,3
2025-04-27,Email,98.00999999999999,137.4609252957132,3267.0,0.0,1476.17,10
2025-04-27,PPC,266.33,133.0,0.0,0.0,1281.58,11
2025-04-27,Social Media,139.26,192.0,0.0,15082.0,553.0799999999999,5
2025-04-28,Email,82.56,158.07568853103243,2752.0,0.0,1967.69,13
2025-04-28,PPC,327.42,164.0,0.0,0.0,1197.0,16
2025-04-28,Social Media,159.49,201.0,0.0,15507.0,247.10999999999999,4
2025-04-29,Email,80.25,152.6502709170808,2675.0,0.0,1697.49,14
2025-04-29,PPC,354.56,177.0,0.0,0.0,1691.1799999999998,16
2025-04-29,Social Media,125.03,179.0,0.0,12305.0,275.56,5
2025-04-30,Email,75.3,158.18323629712992,2510.0,0.0,1541.91,13
2025-04-30,PPC,244.26,122.0,0.0,0.0,2095.03,16
2025-04-30,Social Media,126.05,179.0,0.0,13461.0,269.53,5
2025-05-01,Email,102.24,140.6732525352927,3408.0,0.0,1672.62,10
2025-05-01,PPC,361.35,181.0,0.0,0.0,1455.55,13
2025-05-01,Social Media,101.21,150.0,0.0,9054.0,230.1,4
2025-05-02,Email,60.089999999999996,128.11909484616925,2003.0,0.0,1345.02,11
2025-05-02,PPC,257.82,129.0,0.0,0.0,1018.34,11
2025-05-02,Social Media,104.65,95.0,0.0,11167.0,163.60999999999999,2
2025-05-03,Email,119.00999999999999,167.51964885617255,3967.0,0.0,1173.15,11
2025-05-03,PPC,326.57,163.0,0.0,0.0,1951.57,18
2025-05-03,Social Media,117.93,211.0,0.0,10048.0,529.67,4
2025-05-04,Email,68.28,136.8739133888821,2276.0,0.0,1249.22,12
2025-05-04,PPC,376.94,188.0,0.0,0.0,2060.5299999999997,20
2025-05-04,Social Media,96.31,87.0,0.0,9181.0,64.94,1
2025-05-05,Email,63.75,129.1810029674635,2125.0,0.0,1198.67,9
2025-05-05,PPC,334.93,167.0,0.0,0.0,1635.23,16
2025-05-05,Social Media,136.82,139.0,0.0,13826.0,146.86,2
2025-05-06,Email,91.53,135.4401500278995,3051.0,0.0,1198.21,10
2025-05-06,PPC,235.89,118.0,0.0,0.0,1561.37,11
2025-05-06,Social Media,118.28,199.0,0.0,10933.0,259.46000000000004,5
2025-05-07,Email,92.13,123.6507068375002,3071.0,0.0,862.64,8
2025-05-07,PPC,333.82,167.0,0.0,0.0,1452.5500000000002,12
2025-05-07,Social Media,108.29,130.0,0.0,9964.0,146.16,2
2025-05-08,Email,77.82,167.8121471138974,2594.0,0.0,1934.7,14
2025-05-08,PPC,324.76,162.0,0.0,0.0,1859.21,16
2025-05-08,Social Media,173.26,163.0,0.0,17482.0,235.23,4
2025-05-09,Email,78.50999999999999,132.92406734047665,2617.0,0.0,2193.56,12
2025-05-09,PPC,244.95,122.0,0.0,0.0,1772.55,14
2025-05-09,Social Media,115.22,253.0,0.0,10395.0,802.86,7
2025-05-10,Email,54.419999999999995,113.98618777495837,1814.0,0.0,1492.1,11
2025-05-10,PPC,244.91,122.0,0.0,0.0,1058.65,13
2025-05-10,Social Media,137.76,239.0,0.0,15504.0,398.24,4
2025-05-11,Email,110.94,159.99835314860806,3698.0,0.0,2107.78,14
2025-05-11,PPC,319.32,160.0,0.0,0.0,1514.74,15
2025-05-11,Social Media,178.53,244.0,0.0,15612.0,338.73,5
2025-05-12,Email,81.11999999999999,121.96053305432724,2704.0,0.0,946.13,8
2025-05-12,PPC,357.76,179.0,0.0,0.0,1971.18,15
2025-05-12,Social Media,162.17,204.0,0.0,14678.0,205.07,4
2025-05-13,Email,84.50999999999999,144.87282202265524,2817.0,0.0,1378.44,11
2025-05-13,PPC,323.4,162.0,0.0,0.0,996.31,12
2025-05-13,Social Media,161.19,186.0,0.0,12963.0,372.8,4
2025-05-14,Email,54.239999999999995,112.73543928549226,1808.0,0.0,927.79,7
2025-05-14,PPC,322.85,161.0,0.0,0.0,1730.58,15
2025-05-14,Social Media,157.06,272.0,0.0,12641.0,385.40000000000003,5
2025-05-15,Email,85.64999999999999,133.54872822813363,2855.0,0.0,1860.6,13
2025-05-15,PPC,281.44,141.0,0.0,0.0,1191.8899999999999,12
2025-05-15,Social Media,117.54,115.0,0.0,9413.0,91.05,2
2025-05-16,Email,77.1,118.31315553098554,2570.0,0.0,1498.38,11
2025-05-16,PPC,217.24,109.0,0.0,0.0,1018.44,11
2025-05-16,Social Media,132.8,142.0,0.0,14132.0,250.35,3
2025-05-17,Email,94.02,140.02931000310696,3134.0,0.0,1520.17,11
2025-05-17,PPC,309.18,155.0,0.0,0.0,1916.0,15
2025-05-17,Social Media,112.16,230.0,0.0,12571.0,310.0,5
2025-05-18,Email,90.89999999999999,167.69790111049366,3030.0,0.0,1979.92,12
2025-05-18,PPC,237.81,119.0,0.0,0.0,1161.63,10
2025-05-18,Social Media,181.68,257.0,0.0,20914.0,1040.79,6
2025-05-19,Email,85.8,154.3197572027828,2860.0,0.0,1816.23,14
2025-05-19,PPC,355.79,178.0,0.0,0.0,1798.09,18
2025-05-19,Social Media,112.15,169.0,0.0,12700.0,394.94,4
2025-05-20,Email,97.47,148.89582344281007,3249.0,0.0,1839.95,13
2025-05-20,PPC,327.8,164.0,0.0,0.0,1320.25,15
2025-05-20,Social Media,178.05,220.0,0.0,15637.0,425.19,5
2025-05-21,Email,78.45,124.42715944419504,2615.0,0.0,1136.82,9
2025-05-21,PPC,345.76,173.0,0.0,0.0,1478.66,14
2025-05-21,Social Media,176.26,382.0,0.0,20691.0,579.8,8
2025-05-22,Email,64.53,137.91493662285868,2151.0,0.0,1358.24,11
2025-05-22,PPC,286.43,143.0,0.0,0.0,1211.83,15
2025-05-22,Social Media,145.0,301.0,0.0,16673.0,451.08000000000004,6
2025-05-23,Email,64.11,129.3604352690939,2137.0,0.0,1092.8,9
2025-05-23,PPC,319.94,160.0,0.0,0.0,1232.74,13
2025-05-23,Social Media,185.86,332.0,0.0,19143.0,549.53,7
2025-05-24,Email,86.82,122.76504134750633,2894.0,0.0,1106.0,11
2025-05-24,PPC,211.36,106.0,0.0,0.0,719.93,8
2025-05-24,Social Media,110.48,114.0,0.0,9558.0,150.5,3
2025-05-25,Email,92.58,152.13024303282484,3086.0,0.0,1538.6,12
2025-05-25,PPC,215.42,108.0,0.0,0.0,980.76,10
2025-05-25,Social Media,183.63,259.0,0.0,21996.0,518.86,5
2025-05-26,Email,57.15,123.45762699023952,1905.0,0.0,1260.63,10
2025-05-26,PPC,256.27,128.0,0.0,0.0,905.95,9
2025-05-26,Social Media,168.33,244.0,0.0,13850.0,405.06,5
2025-05-27,Email,75.81,144.74887440956522,2527.0,0.0,1196.87,10
2025-05-27,PPC,208.47,104.0,0.0,0.0,1422.55,11
2025-05-27,Social Media,190.17,329.0,0.0,15384.0,388.4,9
2025-05-28,Email,99.36,154.00575680314233,3312.0,0.0,1346.75,11
2025-05-28,PPC,223.27,112.0,0.0,0.0,862.04,9
2025-05-28,Social Media,131.09,127.0,0.0,10948.0,162.58999999999997,2
2025-05-29,Email,64.53,93.2301315779788,2151.0,0.0,884.97,7
2025-05-29,PPC,248.07,124.0,0.0,0.0,1174.7,12
2025-05-29,Social Media,128.58,237.0,0.0,14298.0,474.90999999999997,6
2025-05-30,Email,57.36,124.42393739319976,1912.0,0.0,1050.63,8
2025-05-30,PPC,285.0,142.0,0.0,0.0,1210.1399999999999,11
2025-05-30,Social Media,145.08,277.0,0.0,15184.0,512.36,7
2025-05-31,Email,65.91,121.58918931440928,2197.0,0.0,1234.52,10
2025-05-31,PPC,206.86,103.0,0.0,0.0,972.6700000000001,9
2025-05-31,Social Media,128.42,162.0,0.0,11460.0,509.86,3
2025-06-01,Email,58.71,126.727973777076,1957.0,0.0,1306.54,10
2025-06-01,PPC,314.3,157.0,0.0,0.0,1739.08,17
2025-06-01,Social Media,117.23,181.0,0.0,13866.0,497.02,5
2025-06-02,Email,54.6,94.8424433715308,1820.0,0.0,1117.1599999999999,9
2025-06-02,PPC,289.43,145.0,0.0,0.0,2255.93,19
2025-06-02,Social Media,183.02,212.0,0.0,16279.0,222.78,5
2025-06-03,Email,68.82,112.93481146261225,2294.0,0.0,1339.29,8
2025-06-03,PPC,208.85,104.0,0.0,0.0,1320.8799999999999,11
2025-06-03,Social Media,131.98,176.0,0.0,10631.0,236.58999999999997,5
2025-06-04,Email,69.09,114.00734665740713,2303.0,0.0,881.75,7
2025-06-04,PPC,285.91,143.0,0.0,0.0,1593.93,17
2025-06-04,Social Media,155.91,192.0,0.0,16925.0,319.33,4
2025-06-05,Email,70.83,130.06236713491404,2361.0,0.0,1732.88,12
2025-06-05,PPC,218.11,109.0,0.0,0.0,1038.97,13
2025-06-05,Social Media,134.85,123.0,0.0,13317.0,278.72,2
2025-06-06,Email,64.92,126.10223485180347,2164.0,0.0,1009.9,8
2025-06-06,PPC,257.48,129.0,0.0,0.0,1010.4100000000001,12
2025-06-06,Social Media,126.68,167.0,0.0,12533.0,140.78,3
2025-06-07,Email,67.08,126.12934963875593,2236.0,0.0,1452.1299999999999,11
2025-06-07,PPC,244.0,122.0,0.0,0.0,1345.55,11
2025-06-07,Social Media,193.11,224.0,0.0,16703.0,378.23,6
2025-06-08,Email,61.47,127.1461432021352,2049.0,0.0,1612.59,11
2025-06-08,PPC,225.27,113.0,0.0,0.0,664.0899999999999,7
2025-06-08,Social Media,126.66,132.0,0.0,12943.0,203.96,3
2025-06-09,Email,56.25,122.15507304598889,1875.0,0.0,1495.77,11
2025-06-09,PPC,194.01,97.0,0.0,0.0,982.85,9
2025-06-09,Social Media,119.39,170.0,0.0,10197.0,386.52,3
2025-06-10,Email,99.57,133.1586163295679,3319.0,0.0,936.21,10
2025-06-10,PPC,308.37,154.0,0.0,0.0,1665.57,13
2025-06-10,Social Media,180.65,176.0,0.0,18200.0,501.34,4
2025-06-11,Email,58.44,111.15926367571876,1948.0,0.0,1150.83,10
2025-06-11,PPC,275.35,138.0,0.0,0.0,1180.39,12
2025-06-11,Social Media,150.58,206.0,0.0,12473.0,431.03,5
2025-06-12,Email,55.53,116.15951294562318,1851.0,0.0,1142.27,8
2025-06-12,PPC,195.44,98.0,0.0,0.0,1025.1200000000001,11
2025-06-12,Social Media,125.65,135.0,0.0,15040.0,379.15000000000003,3
2025-06-13,Email,70.83,104.16186299544636,2361.0,0.0,1520.15,10
2025-06-13,PPC,293.27,147.0,0.0,0.0,1593.95,15
2025-06-13,Social Media,194.05,348.0,0.0,20393.0,851.95,9
2025-06-14,Email,44.309999999999995,92.16880743049772,1477.0,0.0,647.73,7
2025-06-14,PPC,217.63,109.0,0.0,0.0,977.19,9
2025-06-14,Social Media,193.93,312.0,0.0,20946.0,845.03,8
2025-06-15,Email,42.66,79.18282837251621,1422.0,0.0,680.4,6
2025-06-15,PPC,310.44,155.0,0.0,0.0,1809.76,19
2025-06-15,Social Media,148.64,165.0,0.0,13482.0,316.28999999999996,3
2025-06-16,Email,76.77,121.20639025565887,2559.0,0.0,1315.89,8
2025-06-16,PPC,229.01,115.0,0.0,0.0,1177.09,12
2025-06-16,Social Media,123.08,156.0,0.0,10716.0,268.19,4
2025-06-17,Email,73.41,142.24193366669869,2447.0,0.0,1612.0,13
2025-06-17,PPC,307.54,154.0,0.0,0.0,2059.27,17
2025-06-17,Social Media,178.84,369.0,0.0,16260.0,837.41,8
2025-06-18,Email,59.64,98.29186924482876,1988.0,0.0,1278.1100000000001,9
2025-06-18,PPC,270.8,135.0,0.0,0.0,1449.71,15
2025-06-18,Social Media,158.53,196.0,0.0,17580.0,240.49,4
2025-06-19,Email,63.059999999999995,87.35857165631981,2102.0,0.0,1013.9200000000001,6
2025-06-19,PPC,288.87,144.0,0.0,0.0,943.99,10
2025-06-19,Social Media,176.67,167.0,0.0,15110.0,229.16,3
2025-06-20,Email,67.38,91.44437365909118,2246.0,0.0,906.0699999999999,8
2025-06-20,PPC,314.13,157.0,0.0,0.0,1315.25,13
2025-06-20,Social Media,188.91,439.0,0.0,22200.0,872.61,11
2025-06-21,Email,69.96,98.55156027203068,2332.0,0.0,974.41,9
2025-06-21,PPC,257.84,129.0,0.0,0.0,1034.26,11
2025-06-21,Social Media,200.13,213.0,0.0,20104.0,310.53000000000003,4
2025-06-22,Email,52.05,76.68236306363781,1735.0,0.0,674.09,6
2025-06-22,PPC,220.09,110.0,0.0,0.0,1224.7,10
2025-06-22,Social Media,161.38,368.0,0.0,16773.0,606.77,9
2025-06-23,Email,57.51,82.83895457426442,1917.0,0.0,776.47,6
2025-06-23,PPC,186.75,93.0,0.0,0.0,1134.52,11
2025-06-23,Social Media,141.94,128.0,0.0,14052.0,115.03,3
2025-06-24,Email,48.269999999999996,80.02344288589526,1609.0,0.0,693.51,6
2025-06-24,PPC,211.81,106.0,0.0,0.0,754.94,8
2025-06-24,Social Media,177.72,301.0,0.0,20804.0,510.92,7
2025-06-25,Email,47.61,75.23786635304106,1587.0,0.0,843.06,6
2025-06-25,PPC,206.66,103.0,0.0,0.0,1629.6499999999999,14
2025-06-25,Social Media,203.86,282.0,0.0,19808.0,463.81,8
2025-06-26,Email,62.04,135.48418850791347,2068.0,0.0,1580.5,11
2025-06-26,PPC,245.71,123.0,0.0,0.0,1188.94,10
2025-06-26,Social Media,178.01,212.0,0.0,19506.0,213.76,4
2025-06-27,Email,45.269999999999996,72.76429315261754,1509.0,0.0,828.46,6
2025-06-27,PPC,273.18,137.0,0.0,0.0,1990.15,17
2025-06-27,Social Media,179.22,254.0,0.0,16594.0,381.7,5
2025-06-28,Email,77.03999999999999,124.07997965062728,2568.0,0.0,1488.64,10
2025-06-28,PPC,176.79,88.0,0.0,0.0,804.96,7
2025-06-28,Social Media,197.32,329.0,0.0,17139.0,833.31,9
2025-06-29,Email,54.839999999999996,105.43295842931404,1828.0,0.0,886.03,7
2025-06-29,PPC,172.08,86.0,0.0,0.0,623.28,8
2025-06-29,Social Media,152.11,331.0,0.0,14864.0,619.75,7
2025-06-30,Email,37.199999999999996,69.82484670476903,1240.0,0.0,903.81,6
2025-06-30,PPC,234.72,117.0,0.0,0.0,1197.27,12
2025-06-30,Social Media,140.47,152.0,0.0,12016.0,241.53,3
2025-07-01,Email,35.46,70.25716443960506,1182.0,0.0,748.58,5
2025-07-01,PPC,316.74,158.0,0.0,0.0,1319.42,14
2025-07-01,Social Media,164.63,205.0,0.0,17018.0,443.36,5
2025-07-02,Email,35.49,74.73133054384189,1183.0,0.0,611.14,6
2025-07-02,PPC,235.55,118.0,0.0,0.0,1014.59,11
2025-07-02,Social Media,179.62,210.0,0.0,17056.0,188.2,4
2025-07-03,Email,54.33,108.24865932836992,1811.0,0.0,1156.12,9
2025-07-03,PPC,206.0,103.0,0.0,0.0,852.06,7
2025-07-03,Social Media,176.18,242.0,0.0,18828.0,392.24,5
2025-07-04,Email,63.989999999999995,87.8103572198575,2133.0,0.0,977.6800000000001,8
2025-07-04,PPC,185.58,93.0,0.0,0.0,842.89,9
2025-07-04,Social Media,145.78,143.0,0.0,16089.0,208.51000000000002,3
2025-07-05,Email,51.57,78.41751974531263,1719.0,0.0,997.0799999999999,6
2025-07-05,PPC,288.28,144.0,0.0,0.0,1330.35,14
2025-07-05,Social Media,163.0,257.0,0.0,14725.0,399.63,6
2025-07-06,Email,80.28,123.07112879383584,2676.0,0.0,1304.82,8
2025-07-06,PPC,311.16,156.0,0.0,0.0,1379.18,16
2025-07-06,Social Media,161.52,288.0,0.0,13123.0,723.15,6
2025-07-07,Email,46.44,67.77205016240886,1548.0,0.0,565.73,5
2025-07-07,PPC,251.65,126.0,0.0,0.0,939.02,10
2025-07-07,Social Media,200.89,257.0,0.0,18099.0,478.52,7
2025-07-08,Email,78.27,111.5210313918532,2609.0,0.0,1177.06,10
2025-07-08,PPC,299.29,150.0,0.0,0.0,1115.87,12
2025-07-08,Social Media,196.8,243.0,0.0,21896.0,552.42,6
2025-07-09,Email,74.58,117.31869989836711,2486.0,0.0,1182.82,9
2025-07-09,PPC,180.68,90.0,0.0,0.0,1138.09,11
2025-07-09,Social Media,200.91,290.0,0.0,18225.0,774.87,6
2025-07-10,Email,29.79,62.16556140531222,993.0,0.0,539.45,4
2025-07-10,PPC,293.72,147.0,0.0,0.0,1391.66,15
2025-07-10,Social Media,185.66,205.0,0.0,17487.0,288.89,4
2025-07-11,Email,69.03,120.06199867916808,2301.0,0.0,1207.94,10
2025-07-11,PPC,241.31,121.0,0.0,0.0,1185.79,15
2025-07-11,Social Media,199.44,332.0,0.0,18437.0,435.07,8
2025-07-12,Email,42.15,82.00827057281566,1405.0,0.0,727.1,6
2025-07-12,PPC,209.2,105.0,0.0,0.0,1028.39,9
2025-07-12,Social Media,192.55,303.0,0.0,18983.0,728.7,8
2025-07-13,Email,48.48,81.00451137853977,1616.0,0.0,897.91,7
2025-07-13,PPC,310.84,155.0,0.0,0.0,1462.04,15
2025-07-13,Social Media,196.99,209.0,0.0,20319.0,529.14,5
2025-07-14,Email,59.309999999999995,96.0507304923684,1977.0,0.0,1081.74,7
2025-07-14,PPC,279.52,140.0,0.0,0.0,881.54,11
2025-07-14,Social Media,146.35,297.0,0.0,12729.0,348.59000000000003,7
2025-07-15,Email,39.54,63.146812390587336,1318.0,0.0,592.5699999999999,5
2025-07-15,PPC,205.85,103.0,0.0,0.0,1340.02,12
2025-07-15,Social Media,196.31,268.0,0.0,22853.0,587.9,7
2025-07-16,Email,61.14,106.2925169184896,2038.0,0.0,1671.17,10
2025-07-16,PPC,278.36,139.0,0.0,0.0,1237.56,14
2025-07-16,Social Media,132.82,169.0,0.0,13518.0,172.82,3
2025-07-17,Email,58.919999999999995,129.48747989063685,1964.0,0.0,1640.8799999999999,11
2025-07-17,PPC,231.04,116.0,0.0,0.0,1053.64,8
2025-07-17,Social Media,166.23,261.0,0.0,16166.0,410.3,7
2025-07-18,Email,51.449999999999996,90.73121400113348,1715.0,0.0,1125.99,8
2025-07-18,PPC,192.1,96.0,0.0,0.0,651.59,8
2025-07-18,Social Media,175.53,285.0,0.0,18801.0,462.08,7
2025-07-19,Email,56.339999999999996,83.02311004163752,1878.0,0.0,947.19,6
2025-07-19,PPC,264.43,132.0,0.0,0.0,1088.97,14
2025-07-19,Social Media,148.39,198.0,0.0,15085.0,237.64,4
2025-07-20,Email,70.25999999999999,121.3624384240642,2342.0,0.0,1830.08,11
2025-07-20,PPC,262.98,131.0,0.0,0.0,1657.6000000000001,14
2025-07-20,Social Media,197.09,164.0,0.0,17329.0,183.58,3
2025-07-21,Email,62.669999999999995,125.74835100417631,2089.0,0.0,1622.98,11
2025-07-21,PPC,247.52,124.0,0.0,0.0,1467.45,13
2025-07-21,Social Media,158.93,248.0,0.0,12751.0,285.98,5
2025-07-22,Email,49.35,104.17988320150292,1645.0,0.0,904.83,7
2025-07-22,PPC,242.33,121.0,0.0,0.0,1454.31,12
2025-07-22,Social Media,162.35,228.0,0.0,16466.0,514.55,5
2025-07-23,Email,44.82,80.65595641028838,1494.0,0.0,747.41,7
2025-07-23,PPC,277.98,139.0,0.0,0.0,1266.28,13
2025-07-23,Social Media,187.13,324.0,0.0,19462.0,741.89,8
2025-07-24,Email,44.61,66.1753806954448,1487.0,0.0,619.53,6
2025-07-24,PPC,250.46,125.0,0.0,0.0,1142.49,12
2025-07-24,Social Media,194.85,275.0,0.0,19519.0,434.36,5
2025-07-25,Email,82.77,127.73685776677024,2759.0,0.0,1371.74,11
2025-07-25,PPC,306.35,153.0,0.0,0.0,1285.07,16
2025-07-25,Social Media,205.26,211.0,0.0,21531.0,432.65999999999997,4
2025-07-26,Email,37.32,68.33898422399803,1244.0,0.0,744.13,6
2025-07-26,PPC,335.24,168.0,0.0,0.0,963.99,13
2025-07-26,Social Media,195.75,344.0,0.0,20006.0,319.03999999999996,7
2025-07-27,Email,50.669999999999995,81.98025506456648,1689.0,0.0,656.37,7
2025-07-27,PPC,210.05,105.0,0.0,0.0,897.63,9
2025-07-27,Social Media,170.2,182.0,0.0,19153.0,294.55999999999995,4
2025-07-28,Email,63.9,125.65906744534156,2130.0,0.0,1320.92,12
2025-07-28,PPC,245.92,123.0,0.0,0.0,1103.03,13
2025-07-28,Social Media,183.74,332.0,0.0,21718.0,535.03,7
2025-07-29,Email,63.78,86.37372468889001,2126.0,0.0,758.51,6
2025-07-29,PPC,327.01,164.0,0.0,0.0,1656.08,15
2025-07-29,Social Media,142.25,294.0,0.0,14980.0,517.52,6
2025-07-30,Email,53.25,75.12244052428916,1775.0,0.0,1019.92,7
2025-07-30,PPC,241.69,121.0,0.0,0.0,1054.71,11
2025-07-30,Social Media,168.35,176.0,0.0,15436.0,464.94,4
2025-07-31,Email,48.839999999999996,84.90334355187431,1628.0,0.0,1220.6499999999999,7
2025-07-31,PPC,260.76,130.0,0.0,0.0,1048.35,12
2025-07-31,Social Media,180.53,325.0,0.0,15348.0,736.01,8
